Designator,Mid X,Mid Y,Rotation,Layer
C1,237.0,-63.1449,90.0,top
C2,236.88215,-66.539199,270.0,top
CR1,242.5,-68.0,0.0,top
J1,232.328701,-51.384998,270.0,top
J2,237.500001,-40.9165,0.0,top
R1,237.0,-60.4567,270.0,top
U1,231.07075,-65.1228,90.0,top
U2,242.649999,-56.25,180.0,top
